date;P;Q;S;Fp
2026-09-12 06:30:00.000;2,85;0,9367497;3;0,95
2026-09-12 06:30:00.500;2,85;0,9367497;3;0,95
2026-09-12 06:30:01.000;2,85;0,9367497;3;0,95
2026-09-12 06:30:01.500;2,85;0,9367497;3;0,95
2026-09-12 06:30:02.000;2,85;0,9367497;3;0,95
2026-09-12 06:30:02.500;2,85;0,9367497;3;0,95
2026-09-12 06:30:03.000;2,85;0,9367497;3;0,95
2026-09-12 06:30:03.500;2,85;0,9367497;3;0,95
2026-09-12 06:30:04.000;2,85;0,9367497;3;0,95
2026-09-12 06:30:04.500;2,85;0,9367497;3;0,95
2026-09-12 06:30:05.000;2,85;0,9367497;3;0,95
2026-09-12 06:30:05.500;2,85;0,9367497;3;0,95
2026-09-12 06:30:06.000;2,85;0,9367497;3;0,95
2026-09-12 06:30:06.500;2,85;0,9367497;3;0,95
2026-09-12 06:30:07.000;2,85;0,9367497;3;0,95
2026-09-12 06:30:07.500;2,85;0,9367497;3;0,95
2026-09-12 06:30:08.000;2,85;0,9367497;3;0,95
2026-09-12 06:30:08.500;2,85;0,9367497;3;0,95
2026-09-12 06:30:09.000;2,85;0,9367497;3;0,95
2026-09-12 06:30:09.500;2,85;0,9367497;3;0,95
2026-09-12 06:30:10.000;2,85;0,9367497;3;0,95
2026-09-12 06:30:10.500;2,85;0,9367497;3;0,95
2026-09-12 06:30:11.000;2,85;0,9367497;3;0,95
2026-09-12 06:30:11.500;2,85;0,9367497;3;0,95
2026-09-12 06:30:12.000;2,85;0,9367497;3;0,95
2026-09-12 06:30:12.500;2,85;0,9367497;3;0,95
2026-09-12 06:30:13.000;2,85;0,9367497;3;0,95
2026-09-12 06:30:13.500;2,85;0,9367497;3;0,95
2026-09-12 06:30:14.000;2,85;0,9367497;3;0,95
2026-09-12 06:30:14.500;2,85;0,9367497;3;0,95
2026-09-12 06:30:15.000;2,85;0,9367497;3;0,95
2026-09-12 06:30:15.500;2,85;0,9367497;3;0,95
2026-09-12 06:30:16.000;3,325;1,09287465;3,5;0,95
2026-09-12 06:30:16.500;3,325;1,09287465;3,5;0,95
2026-09-12 06:30:17.000;3,325;1,09287465;3,5;0,95
2026-09-12 06:30:17.500;3,325;1,09287465;3,5;0,95
2026-09-12 06:30:18.000;3,325;1,09287465;3,5;0,95
2026-09-12 06:30:18.500;3,325;1,09287465;3,5;0,95
2026-09-12 06:30:19.000;3,325;1,09287465;3,5;0,95
2026-09-12 06:30:19.500;3,325;1,09287465;3,5;0,95
2026-09-12 06:30:20.000;3,325;1,09287465;3,5;0,95
2026-09-12 06:30:20.500;3,325;1,09287465;3,5;0,95
2026-09-12 06:30:21.000;3,325;1,09287465;3,5;0,95
2026-09-12 06:30:21.500;3,325;1,09287465;3,5;0,95
2026-09-12 06:30:22.000;3,325;1,09287465;3,5;0,95
2026-09-12 06:30:22.500;3,325;1,09287465;3,5;0,95
2026-09-12 06:30:23.000;3,325;1,09287465;3,5;0,95
2026-09-12 06:30:23.500;3,325;1,09287465;3,5;0,95
2026-09-12 06:30:24.000;3,325;1,09287465;3,5;0,95
2026-09-12 06:30:24.500;3,325;1,09287465;3,5;0,95
2026-09-12 06:30:25.000;3,325;1,09287465;3,5;0,95
2026-09-12 06:30:25.500;3,325;1,09287465;3,5;0,95
2026-09-12 06:30:26.000;3,325;1,09287465;3,5;0,95
2026-09-12 06:30:26.500;3,325;1,09287465;3,5;0,95
2026-09-12 06:30:27.000;3,325;1,09287465;3,5;0,95
2026-09-12 06:30:27.500;3,325;1,09287465;3,5;0,95
2026-09-12 06:30:28.000;3,325;1,09287465;3,5;0,95
2026-09-12 06:30:28.500;3,325;1,09287465;3,5;0,95
2026-09-12 06:30:29.000;3,325;1,09287465;3,5;0,95
2026-09-12 06:30:29.500;3,325;1,09287465;3,5;0,95
2026-09-12 06:30:30.000;3,325;1,09287465;3,5;0,95
2026-09-12 06:30:30.500;3,325;1,09287465;3,5;0,95
2026-09-12 06:30:31.000;3,325;1,09287465;3,5;0,95
2026-09-12 06:30:31.500;3,325;1,09287465;3,5;0,95
2026-09-12 06:30:32.000;3,325;1,09287465;3,5;0,95
2026-09-12 06:30:32.500;3,325;1,09287465;3,5;0,95
2026-09-12 06:30:33.000;3,325;1,09287465;3,5;0,95
2026-09-12 06:30:33.500;3,325;1,09287465;3,5;0,95
2026-09-12 06:30:34.000;3,325;1,09287465;3,5;0,95
2026-09-12 06:30:34.500;3,325;1,09287465;3,5;0,95
2026-09-12 06:30:35.000;3,325;1,09287465;3,5;0,95
2026-09-12 06:30:35.500;3,325;1,09287465;3,5;0,95
2026-09-12 06:30:36.000;3,325;1,09287465;3,5;0,95
2026-09-12 06:30:36.500;3,325;1,09287465;3,5;0,95
2026-09-12 06:30:37.000;2,375;0,78062475;2,5;0,95
2026-09-12 06:30:37.500;2,375;0,78062475;2,5;0,95
2026-09-12 06:30:38.000;2,375;0,78062475;2,5;0,95
2026-09-12 06:30:38.500;2,375;0,78062475;2,5;0,95
2026-09-12 06:30:39.000;2,375;0,78062475;2,5;0,95
2026-09-12 06:30:39.500;2,375;0,78062475;2,5;0,95
2026-09-12 06:30:40.000;2,375;0,78062475;2,5;0,95
2026-09-12 06:30:40.500;2,375;0,78062475;2,5;0,95
2026-09-12 06:30:41.000;2,375;0,78062475;2,5;0,95
2026-09-12 06:30:41.500;2,375;0,78062475;2,5;0,95
2026-09-12 06:30:42.000;2,375;0,78062475;2,5;0,95
2026-09-12 06:30:42.500;2,375;0,78062475;2,5;0,95
2026-09-12 06:30:43.000;2,375;0,78062475;2,5;0,95
2026-09-12 06:30:43.500;2,375;0,78062475;2,5;0,95
2026-09-12 06:30:44.000;2,375;0,78062475;2,5;0,95
2026-09-12 06:30:44.500;2,375;0,78062475;2,5;0,95
2026-09-12 06:30:45.000;2,375;0,78062475;2,5;0,95
2026-09-12 06:30:45.500;2,375;0,78062475;2,5;0,95
2026-09-12 06:30:46.000;2,375;0,78062475;2,5;0,95
2026-09-12 06:30:46.500;2,375;0,78062475;2,5;0,95
2026-09-12 06:30:47.000;2,375;0,78062475;2,5;0,95
2026-09-12 06:30:47.500;2,375;0,78062475;2,5;0,95
2026-09-12 06:30:48.000;2,375;0,78062475;2,5;0,95
2026-09-12 06:30:48.500;2,375;0,78062475;2,5;0,95
2026-09-12 06:30:49.000;2,375;0,78062475;2,5;0,95
2026-09-12 06:30:49.500;2,375;0,78062475;2,5;0,95
2026-09-12 06:30:50.000;2,375;0,78062475;2,5;0,95
2026-09-12 06:30:50.500;2,375;0,78062475;2,5;0,95
2026-09-12 06:30:51.000;2,375;0,78062475;2,5;0,95
2026-09-12 06:30:51.500;2,375;0,78062475;2,5;0,95
2026-09-12 06:30:52.000;2,375;0,78062475;2,5;0,95
2026-09-12 06:30:52.500;2,375;0,78062475;2,5;0,95
2026-09-12 06:30:53.000;2,375;0,78062475;2,5;0,95
2026-09-12 06:30:53.500;2,375;0,78062475;2,5;0,95
2026-09-12 06:30:54.000;2,375;0,78062475;2,5;0,95
2026-09-12 06:30:54.500;2,375;0,78062475;2,5;0,95
2026-09-12 06:30:55.000;2,375;0,78062475;2,5;0,95
2026-09-12 06:30:55.500;2,375;0,78062475;2,5;0,95
2026-09-12 06:30:56.000;2,375;0,78062475;2,5;0,95
2026-09-12 06:30:56.500;2,375;0,78062475;2,5;0,95
2026-09-12 06:30:57.000;2,375;0,78062475;2,5;0,95
2026-09-12 06:30:57.500;2,375;0,78062475;2,5;0,95
2026-09-12 06:30:58.000;2,375;0,78062475;2,5;0,95
2026-09-12 06:30:58.500;2,375;0,78062475;2,5;0,95
2026-09-12 06:30:59.000;2,375;0,78062475;2,5;0,95
2026-09-12 06:30:59.500;2,375;0,78062475;2,5;0,95
2026-09-12 06:31:00.000;2,375;0,78062475;2,5;0,95
2026-09-12 06:31:00.500;2,375;0,78062475;2,5;0,95
2026-09-12 06:31:01.000;2,375;0,78062475;2,5;0,95
2026-09-12 06:31:01.500;2,85;0,9367497;3;0,95
2026-09-12 06:31:02.000;2,85;0,9367497;3;0,95
2026-09-12 06:31:02.500;2,85;0,9367497;3;0,95
2026-09-12 06:31:03.000;2,85;0,9367497;3;0,95
2026-09-12 06:31:03.500;2,85;0,9367497;3;0,95
2026-09-12 06:31:04.000;2,85;0,9367497;3;0,95
2026-09-12 06:31:04.500;2,85;0,9367497;3;0,95
2026-09-12 06:31:05.000;2,85;0,9367497;3;0,95
2026-09-12 06:31:05.500;2,85;0,9367497;3;0,95
2026-09-12 06:31:06.000;2,85;0,9367497;3;0,95
2026-09-12 06:31:06.500;2,85;0,9367497;3;0,95
2026-09-12 06:31:07.000;2,85;0,9367497;3;0,95
2026-09-12 06:31:07.500;2,85;0,9367497;3;0,95
2026-09-12 06:31:08.000;2,85;0,9367497;3;0,95
2026-09-12 06:31:08.500;2,85;0,9367497;3;0,95
2026-09-12 06:31:09.000;2,85;0,9367497;3;0,95
2026-09-12 06:31:09.500;2,85;0,9367497;3;0,95
2026-09-12 06:31:10.000;2,85;0,9367497;3;0,95
2026-09-12 06:31:10.500;2,85;0,9367497;3;0,95
2026-09-12 06:31:11.000;2,85;0,9367497;3;0,95
2026-09-12 06:31:11.500;2,85;0,9367497;3;0,95
2026-09-12 06:31:12.000;2,85;0,9367497;3;0,95
2026-09-12 06:31:12.500;2,85;0,9367497;3;0,95
2026-09-12 06:31:13.000;2,85;0,9367497;3;0,95
2026-09-12 06:31:13.500;2,85;0,9367497;3;0,95
2026-09-12 06:31:14.000;2,85;0,9367497;3;0,95
2026-09-12 06:31:14.500;2,85;0,9367497;3;0,95
2026-09-12 06:31:15.000;2,85;0,9367497;3;0,95
2026-09-12 06:31:15.500;2,85;0,9367497;3;0,95
2026-09-12 06:31:16.000;2,85;0,9367497;3;0,95
2026-09-12 06:31:16.500;2,85;0,9367497;3;0,95
2026-09-12 06:31:17.000;2,85;0,9367497;3;0,95
2026-09-12 06:31:17.500;2,85;0,9367497;3;0,95
2026-09-12 06:31:18.000;2,85;0,9367497;3;0,95
2026-09-12 06:31:18.500;2,85;0,9367497;3;0,95
2026-09-12 06:31:19.000;2,85;0,9367497;3;0,95
2026-09-12 06:31:19.500;2,85;0,9367497;3;0,95
2026-09-12 06:31:20.000;2,85;0,9367497;3;0,95
2026-09-12 06:31:20.500;2,85;0,9367497;3;0,95
2026-09-12 06:31:21.000;2,85;0,9367497;3;0,95
2026-09-12 06:31:21.500;2,85;0,9367497;3;0,95
2026-09-12 06:31:22.000;2,85;0,9367497;3;0,95
2026-09-12 06:31:22.500;2,85;0,9367497;3;0,95
2026-09-12 06:31:23.000;2,85;0,9367497;3;0,95
2026-09-12 06:31:23.500;2,85;0,9367497;3;0,95
2026-09-12 06:31:24.000;2,85;0,9367497;3;0,95
2026-09-12 06:31:24.500;2,85;0,9367497;3;0,95
2026-09-12 06:31:25.000;2,85;0,9367497;3;0,95
2026-09-12 06:31:25.500;2,85;0,9367497;3;0,95
2026-09-12 06:31:26.000;2,85;0,9367497;3;0,95
2026-09-12 06:31:26.500;2,85;0,9367497;3;0,95
2026-09-12 06:31:27.000;2,85;0,9367497;3;0,95
2026-09-12 06:31:27.500;2,85;0,9367497;3;0,95
2026-09-12 06:31:28.000;2,85;0,9367497;3;0,95
2026-09-12 06:31:28.500;2,85;0,9367497;3;0,95
2026-09-12 06:31:29.000;2,85;0,9367497;3;0,95
2026-09-12 06:31:29.500;2,85;0,9367497;3;0,95
2026-09-12 06:31:30.000;2,85;0,9367497;3;0,95
2026-09-12 06:31:30.500;2,85;0,9367497;3;0,95
2026-09-12 06:31:31.000;2,85;0,9367497;3;0,95
2026-09-12 06:31:31.500;2,85;0,9367497;3;0,95
2026-09-12 06:31:32.000;2,85;0,9367497;3;0,95
2026-09-12 06:31:32.500;2,85;0,9367497;3;0,95
2026-09-12 06:31:33.000;2,85;0,9367497;3;0,95
2026-09-12 06:31:33.500;2,85;0,9367497;3;0,95
2026-09-12 06:31:34.000;2,85;0,9367497;3;0,95
2026-09-12 06:31:34.500;2,85;0,9367497;3;0,95
2026-09-12 06:31:35.000;2,85;0,9367497;3;0,95
2026-09-12 06:31:35.500;2,85;0,9367497;3;0,95
2026-09-12 06:31:36.000;2,85;0,9367497;3;0,95
2026-09-12 06:31:36.500;2,85;0,9367497;3;0,95
2026-09-12 06:31:37.000;2,85;0,9367497;3;0,95
2026-09-12 06:31:37.500;2,85;0,9367497;3;0,95
2026-09-12 06:31:38.000;2,85;0,9367497;3;0,95
2026-09-12 06:31:38.500;2,85;0,9367497;3;0,95
2026-09-12 06:31:39.000;2,85;0,9367497;3;0,95
2026-09-12 06:31:39.500;2,85;0,9367497;3;0,95
2026-09-12 06:31:40.000;2,85;0,9367497;3;0,95
2026-09-12 06:31:40.500;2,85;0,9367497;3;0,95
2026-09-12 06:31:41.000;2,85;0,9367497;3;0,95
2026-09-12 06:31:41.500;2,85;0,9367497;3;0,95
2026-09-12 06:31:42.000;2,85;0,9367497;3;0,95
2026-09-12 06:31:42.500;2,85;0,9367497;3;0,95
2026-09-12 06:31:43.000;2,85;0,9367497;3;0,95
2026-09-12 06:31:43.500;2,85;0,9367497;3;0,95
2026-09-12 06:31:44.000;2,85;0,9367497;3;0,95
2026-09-12 06:31:44.500;2,85;0,9367497;3;0,95
2026-09-12 06:31:45.000;2,85;0,9367497;3;0,95
2026-09-12 06:31:45.500;2,85;0,9367497;3;0,95
2026-09-12 06:31:46.000;2,85;0,9367497;3;0,95
2026-09-12 06:31:46.500;2,85;0,9367497;3;0,95
2026-09-12 06:31:47.000;2,85;0,9367497;3;0,95
2026-09-12 06:31:47.500;2,85;0,9367497;3;0,95
2026-09-12 06:31:48.000;2,85;0,9367497;3;0,95
2026-09-12 06:31:48.500;2,85;0,9367497;3;0,95
2026-09-12 06:31:49.000;2,85;0,9367497;3;0,95
2026-09-12 06:31:49.500;2,85;0,9367497;3;0,95
2026-09-12 06:31:50.000;2,85;0,9367497;3;0,95
2026-09-12 06:31:50.500;2,85;0,9367497;3;0,95
2026-09-12 06:31:51.000;2,85;0,9367497;3;0,95
2026-09-12 06:31:51.500;2,85;0,9367497;3;0,95
2026-09-12 06:31:52.000;2,85;0,9367497;3;0,95
2026-09-12 06:31:52.500;2,85;0,9367497;3;0,95
2026-09-12 06:31:53.000;2,85;0,9367497;3;0,95
2026-09-12 06:31:53.500;2,85;0,9367497;3;0,95
2026-09-12 06:31:54.000;2,85;0,9367497;3;0,95
2026-09-12 06:31:54.500;2,85;0,9367497;3;0,95
2026-09-12 06:31:55.000;2,85;0,9367497;3;0,95
2026-09-12 06:31:55.500;2,85;0,9367497;3;0,95
2026-09-12 06:31:56.000;2,85;0,9367497;3;0,95
2026-09-12 06:31:56.500;2,85;0,9367497;3;0,95
2026-09-12 06:31:57.000;2,85;0,9367497;3;0,95
2026-09-12 06:31:57.500;2,85;0,9367497;3;0,95
2026-09-12 06:31:58.000;2,85;0,9367497;3;0,95
2026-09-12 06:31:58.500;2,85;0,9367497;3;0,95
2026-09-12 06:31:59.000;2,85;0,9367497;3;0,95
2026-09-12 06:31:59.500;2,85;0,9367497;3;0,95
2026-09-12 06:32:00.000;2,85;0,9367497;3;0,95
