date;vel_viento
2026-09-12 06:30:00.000;2,5
2026-09-12 06:30:00.500;2,5
2026-09-12 06:30:01.000;2,5
2026-09-12 06:30:01.500;2,25
2026-09-12 06:30:02.000;2,25
2026-09-12 06:30:02.500;2,5
2026-09-12 06:30:03.000;2,6
2026-09-12 06:30:03.500;2,6
2026-09-12 06:30:04.000;2,8
2026-09-12 06:30:04.500;2,8
2026-09-12 06:30:05.000;2,8
2026-09-12 06:30:05.500;2,8
2026-09-12 06:30:06.000;3
2026-09-12 06:30:06.500;3,2
2026-09-12 06:30:07.000;3,2
2026-09-12 06:30:07.500;3,2
2026-09-12 06:30:08.000;3,2
2026-09-12 06:30:08.500;3,2
2026-09-12 06:30:09.000;3,22
2026-09-12 06:30:09.500;3,38
2026-09-12 06:30:10.000;3,44
2026-09-12 06:30:10.500;3,5
2026-09-12 06:30:11.000;3,55
2026-09-12 06:30:11.500;3,61
2026-09-12 06:30:12.000;3,67
2026-09-12 06:30:12.500;3,73
2026-09-12 06:30:13.000;3,79
2026-09-12 06:30:13.500;3,84
2026-09-12 06:30:14.000;3,9
2026-09-12 06:30:14.500;3,96
2026-09-12 06:30:15.000;4,02
2026-09-12 06:30:15.500;4,08
2026-09-12 06:30:16.000;4,13
2026-09-12 06:30:16.500;4,19
2026-09-12 06:30:17.000;4,25
2026-09-12 06:30:17.500;4,31
2026-09-12 06:30:18.000;4,37
2026-09-12 06:30:18.500;4,43
2026-09-12 06:30:19.000;4,48
2026-09-12 06:30:19.500;4,54
2026-09-12 06:30:20.000;4,6
2026-09-12 06:30:20.500;4,66
2026-09-12 06:30:21.000;4,72
2026-09-12 06:30:21.500;4,77
2026-09-12 06:30:22.000;4,77
2026-09-12 06:30:22.500;4,77
2026-09-12 06:30:23.000;4,76
2026-09-12 06:30:23.500;4,76
2026-09-12 06:30:24.000;4,75
2026-09-12 06:30:24.500;4,75
2026-09-12 06:30:25.000;4,75
2026-09-12 06:30:25.500;4,74
2026-09-12 06:30:26.000;4,74
2026-09-12 06:30:26.500;4,73
2026-09-12 06:30:27.000;4,73
2026-09-12 06:30:27.500;4,73
2026-09-12 06:30:28.000;4,72
2026-09-12 06:30:28.500;4,72
2026-09-12 06:30:29.000;4,71
2026-09-12 06:30:29.500;4,71
2026-09-12 06:30:30.000;4,7
2026-09-12 06:30:30.500;4,7
2026-09-12 06:30:31.000;4,7
2026-09-12 06:30:31.500;4,69
2026-09-12 06:30:32.000;4,69
2026-09-12 06:30:32.500;4,68
2026-09-12 06:30:33.000;4,68
2026-09-12 06:30:33.500;4,7
2026-09-12 06:30:34.000;4,7
2026-09-12 06:30:34.500;4,7
2026-09-12 06:30:35.000;4,7
2026-09-12 06:30:35.500;4,7
2026-09-12 06:30:36.000;4,7
2026-09-12 06:30:36.500;4,7
2026-09-12 06:30:37.000;4,7
2026-09-12 06:30:37.500;4,7
2026-09-12 06:30:38.000;4,7
2026-09-12 06:30:38.500;4,8
2026-09-12 06:30:39.000;4,8
2026-09-12 06:30:39.500;4,8
2026-09-12 06:30:40.000;4,8
2026-09-12 06:30:40.500;4,8
2026-09-12 06:30:41.000;4,9
2026-09-12 06:30:41.500;4,9
2026-09-12 06:30:42.000;4,9
2026-09-12 06:30:42.500;4,9
2026-09-12 06:30:43.000;4,9
2026-09-12 06:30:43.500;4,9
2026-09-12 06:30:44.000;4,9
2026-09-12 06:30:44.500;5
2026-09-12 06:30:45.000;5
2026-09-12 06:30:45.500;5
2026-09-12 06:30:46.000;5
2026-09-12 06:30:46.500;5
2026-09-12 06:30:47.000;5
2026-09-12 06:30:47.500;5
2026-09-12 06:30:48.000;5
2026-09-12 06:30:48.500;5
2026-09-12 06:30:49.000;5
2026-09-12 06:30:49.500;5
2026-09-12 06:30:50.000;5
2026-09-12 06:30:50.500;5
2026-09-12 06:30:51.000;5
2026-09-12 06:30:51.500;5
2026-09-12 06:30:52.000;5,5
2026-09-12 06:30:52.500;5,5
2026-09-12 06:30:53.000;5,5
2026-09-12 06:30:53.500;5,5
2026-09-12 06:30:54.000;5,5
2026-09-12 06:30:54.500;5,5
2026-09-12 06:30:55.000;5,5
2026-09-12 06:30:55.500;5,5
2026-09-12 06:30:56.000;5,5
2026-09-12 06:30:56.500;5,5
2026-09-12 06:30:57.000;5,8
2026-09-12 06:30:57.500;5,8
2026-09-12 06:30:58.000;5,85
2026-09-12 06:30:58.500;5,85
2026-09-12 06:30:59.000;5,85
2026-09-12 06:30:59.500;5,85
2026-09-12 06:31:00.000;5,85
2026-09-12 06:31:00.500;5,85
2026-09-12 06:31:01.000;5,85
2026-09-12 06:31:01.500;5,85
2026-09-12 06:31:02.000;5,85
2026-09-12 06:31:02.500;5,85
2026-09-12 06:31:03.000;6
2026-09-12 06:31:03.500;6
2026-09-12 06:31:04.000;6
2026-09-12 06:31:04.500;6
2026-09-12 06:31:05.000;6
2026-09-12 06:31:05.500;6
2026-09-12 06:31:06.000;6
2026-09-12 06:31:06.500;6
2026-09-12 06:31:07.000;6
2026-09-12 06:31:07.500;6
2026-09-12 06:31:08.000;6
2026-09-12 06:31:08.500;6
2026-09-12 06:31:09.000;6
2026-09-12 06:31:09.500;6
2026-09-12 06:31:10.000;6
2026-09-12 06:31:10.500;6
2026-09-12 06:31:11.000;6
2026-09-12 06:31:11.500;6
2026-09-12 06:31:12.000;6
2026-09-12 06:31:12.500;6
2026-09-12 06:31:13.000;5,4
2026-09-12 06:31:13.500;5,2
2026-09-12 06:31:14.000;5
2026-09-12 06:31:14.500;4,5
2026-09-12 06:31:15.000;4,2
2026-09-12 06:31:15.500;4
2026-09-12 06:31:16.000;3,2
2026-09-12 06:31:16.500;3,1
2026-09-12 06:31:17.000;3
2026-09-12 06:31:17.500;2,2
2026-09-12 06:31:18.000;2
2026-09-12 06:31:18.500;2,2
2026-09-12 06:31:19.000;2,2
2026-09-12 06:31:19.500;2,3
2026-09-12 06:31:20.000;2,3
2026-09-12 06:31:20.500;2,3
2026-09-12 06:31:21.000;2,3
2026-09-12 06:31:21.500;2,3
2026-09-12 06:31:22.000;2,4
2026-09-12 06:31:22.500;2,4
2026-09-12 06:31:23.000;2,4
2026-09-12 06:31:23.500;2,4
2026-09-12 06:31:24.000;2,4
2026-09-12 06:31:24.500;2,5
2026-09-12 06:31:25.000;2,5
2026-09-12 06:31:25.500;2,5
2026-09-12 06:31:26.000;2,5
2026-09-12 06:31:26.500;2,5
2026-09-12 06:31:27.000;2,5
2026-09-12 06:31:27.500;2,5
2026-09-12 06:31:28.000;2,5
2026-09-12 06:31:28.500;2,5
2026-09-12 06:31:29.000;2,5
2026-09-12 06:31:29.500;2,5
2026-09-12 06:31:30.000;2,5
2026-09-12 06:31:30.500;2,5
2026-09-12 06:31:31.000;2,8
2026-09-12 06:31:31.500;2,8
2026-09-12 06:31:32.000;2,9
2026-09-12 06:31:32.500;3
2026-09-12 06:31:33.000;3,2
2026-09-12 06:31:33.500;3,2
2026-09-12 06:31:34.000;3,2
2026-09-12 06:31:34.500;3,2
2026-09-12 06:31:35.000;3,2
2026-09-12 06:31:35.500;3,2
2026-09-12 06:31:36.000;3,2
2026-09-12 06:31:36.500;3,2
2026-09-12 06:31:37.000;3,2
2026-09-12 06:31:37.500;3,2
2026-09-12 06:31:38.000;3,2
2026-09-12 06:31:38.500;3,2
2026-09-12 06:31:39.000;3,2
2026-09-12 06:31:39.500;3,2
2026-09-12 06:31:40.000;3,2
2026-09-12 06:31:40.500;3,2
2026-09-12 06:31:41.000;3,2
2026-09-12 06:31:41.500;3,2
2026-09-12 06:31:42.000;3,2
2026-09-12 06:31:42.500;3,2
2026-09-12 06:31:43.000;3,2
2026-09-12 06:31:43.500;3,2
2026-09-12 06:31:44.000;3,2
2026-09-12 06:31:44.500;3,2
2026-09-12 06:31:45.000;3,2
2026-09-12 06:31:45.500;3,2
2026-09-12 06:31:46.000;3,2
2026-09-12 06:31:46.500;3,2
2026-09-12 06:31:47.000;3,2
2026-09-12 06:31:47.500;3,2
2026-09-12 06:31:48.000;3,2
2026-09-12 06:31:48.500;3,2
2026-09-12 06:31:49.000;3,2
2026-09-12 06:31:49.500;3,2
2026-09-12 06:31:50.000;3,2
2026-09-12 06:31:50.500;3,2
2026-09-12 06:31:51.000;3,2
2026-09-12 06:31:51.500;3,2
2026-09-12 06:31:52.000;3,2
2026-09-12 06:31:52.500;3,2
2026-09-12 06:31:53.000;3,2
2026-09-12 06:31:53.500;3,2
2026-09-12 06:31:54.000;3,2
2026-09-12 06:31:54.500;3,2
2026-09-12 06:31:55.000;3,2
2026-09-12 06:31:55.500;3,2
2026-09-12 06:31:56.000;3,2
2026-09-12 06:31:56.500;3,2
2026-09-12 06:31:57.000;3,2
2026-09-12 06:31:57.500;3,2
2026-09-12 06:31:58.000;3,2
2026-09-12 06:31:58.500;3,2
2026-09-12 06:31:59.000;3,2
2026-09-12 06:31:59.500;3,2
2026-09-12 06:32:00.000;3,2
