date;POA;Tmp_C;Tmp_K
2026-09-12 06:30:00.000;85,61;20;293,15
2026-09-12 06:30:00.500;85;20,15;293,3
2026-09-12 06:30:01.000;85,6;20,3;293,45
2026-09-12 06:30:01.500;88;20,45;293,6
2026-09-12 06:30:02.000;89;20,6;293,75
2026-09-12 06:30:02.500;90;20,75;293,9
2026-09-12 06:30:03.000;90,5;20,9;294,05
2026-09-12 06:30:03.500;90,8;21,05;294,2
2026-09-12 06:30:04.000;100;21,2;294,35
2026-09-12 06:30:04.500;105;21,35;294,5
2026-09-12 06:30:05.000;108;21,5;294,65
2026-09-12 06:30:05.500;109;21,65;294,8
2026-09-12 06:30:06.000;112;21,8;294,95
2026-09-12 06:30:06.500;112,26;21,95;295,1
2026-09-12 06:30:07.000;114,69;23,5;296,65
2026-09-12 06:30:07.500;117,11;23,8;296,95
2026-09-12 06:30:08.000;119,54;24,1;297,25
2026-09-12 06:30:08.500;121,97;24,4;297,55
2026-09-12 06:30:09.000;124,4;24,7;297,85
2026-09-12 06:30:09.500;126,82;25;298,15
2026-09-12 06:30:10.000;129,25;25,3;298,45
2026-09-12 06:30:10.500;131,68;25,6;298,75
2026-09-12 06:30:11.000;134,1;25,9;299,05
2026-09-12 06:30:11.500;136,53;26,2;299,35
2026-09-12 06:30:12.000;138,96;26,5;299,65
2026-09-12 06:30:12.500;141,39;26,8;299,95
2026-09-12 06:30:13.000;143,81;27,1;300,25
2026-09-12 06:30:13.500;146,24;27,4;300,55
2026-09-12 06:30:14.000;148,67;27,7;300,85
2026-09-12 06:30:14.500;151,09;28;301,15
2026-09-12 06:30:15.000;153,52;28,3;301,45
2026-09-12 06:30:15.500;155,95;28,6;301,75
2026-09-12 06:30:16.000;158,38;28,9;302,05
2026-09-12 06:30:16.500;160,8;29,2;302,35
2026-09-12 06:30:17.000;163,23;32;305,15
2026-09-12 06:30:17.500;165,66;32,02;305,17
2026-09-12 06:30:18.000;168,08;32;305,15
2026-09-12 06:30:18.500;170,51;33;306,15
2026-09-12 06:30:19.000;172,94;33;306,15
2026-09-12 06:30:19.500;175,37;33;306,15
2026-09-12 06:30:20.000;177,79;33;306,15
2026-09-12 06:30:20.500;180,22;33,5;306,65
2026-09-12 06:30:21.000;182,65;33,5;306,65
2026-09-12 06:30:21.500;198;33,5;306,65
2026-09-12 06:30:22.000;210;33,5;306,65
2026-09-12 06:30:22.500;220;33,5;306,65
2026-09-12 06:30:23.000;250;33;306,15
2026-09-12 06:30:23.500;300;33;306,15
2026-09-12 06:30:24.000;320;33;306,15
2026-09-12 06:30:24.500;340;33,27;306,42
2026-09-12 06:30:25.000;380;33,27;306,42
2026-09-12 06:30:25.500;425;33,28;306,43
2026-09-12 06:30:26.000;438,6;33,29;306,44
2026-09-12 06:30:26.500;458;33,3;306,45
2026-09-12 06:30:27.000;476,84;33,31;306,46
2026-09-12 06:30:27.500;514,79;33,32;306,47
2026-09-12 06:30:28.000;542,12;33,33;306,48
2026-09-12 06:30:28.500;569,45;33,34;306,49
2026-09-12 06:30:29.000;596,77;33,34;306,49
2026-09-12 06:30:29.500;624,1;33,35;306,5
2026-09-12 06:30:30.000;651,42;33,36;306,51
2026-09-12 06:30:30.500;678,75;33,37;306,52
2026-09-12 06:30:31.000;706,07;33,38;306,53
2026-09-12 06:30:31.500;733,4;33,39;306,54
2026-09-12 06:30:32.000;760,73;33,4;306,55
2026-09-12 06:30:32.500;788,05;33,41;306,56
2026-09-12 06:30:33.000;815,38;33,41;306,56
2026-09-12 06:30:33.500;842,7;33,42;306,57
2026-09-12 06:30:34.000;870,03;33,43;306,58
2026-09-12 06:30:34.500;897,35;33,44;306,59
2026-09-12 06:30:35.000;924,68;33,45;306,6
2026-09-12 06:30:35.500;952,01;32,5;305,65
2026-09-12 06:30:36.000;979,33;32,5;305,65
2026-09-12 06:30:36.500;1006,66;32,5;305,65
2026-09-12 06:30:37.000;1000,12;32,5;305,65
2026-09-12 06:30:37.500;1000;32,2;305,35
2026-09-12 06:30:38.000;1002;32,2;305,35
2026-09-12 06:30:38.500;1000;32,11;305,26
2026-09-12 06:30:39.000;1000;32,02;305,17
2026-09-12 06:30:39.500;1000;31,93;305,08
2026-09-12 06:30:40.000;1000;31,84;304,99
2026-09-12 06:30:40.500;1000;31,75;304,9
2026-09-12 06:30:41.000;1000;31,66;304,81
2026-09-12 06:30:41.500;1000;31,57;304,72
2026-09-12 06:30:42.000;1000;31,48;304,63
2026-09-12 06:30:42.500;1000;31,39;304,54
2026-09-12 06:30:43.000;1000;31,3;304,45
2026-09-12 06:30:43.500;1000;31,21;304,36
2026-09-12 06:30:44.000;1000;31,12;304,27
2026-09-12 06:30:44.500;980;31,03;304,18
2026-09-12 06:30:45.000;960;30,94;304,09
2026-09-12 06:30:45.500;940;30,85;304
2026-09-12 06:30:46.000;920;30,76;303,91
2026-09-12 06:30:46.500;900;30,67;303,82
2026-09-12 06:30:47.000;880;30,58;303,73
2026-09-12 06:30:47.500;840;30,49;303,64
2026-09-12 06:30:48.000;820;30,4;303,55
2026-09-12 06:30:48.500;800;30,31;303,46
2026-09-12 06:30:49.000;760;30,22;303,37
2026-09-12 06:30:49.500;742;30,5;303,65
2026-09-12 06:30:50.000;700;30,6;303,75
2026-09-12 06:30:50.500;680;30,7;303,85
2026-09-12 06:30:51.000;660;30,7;303,85
2026-09-12 06:30:51.500;600;30,7;303,85
2026-09-12 06:30:52.000;650;31;304,15
2026-09-12 06:30:52.500;680;31;304,15
2026-09-12 06:30:53.000;720;31;304,15
2026-09-12 06:30:53.500;740;31;304,15
2026-09-12 06:30:54.000;760;31,5;304,65
2026-09-12 06:30:54.500;780;31,5;304,65
2026-09-12 06:30:55.000;800;31,5;304,65
2026-09-12 06:30:55.500;820;31,5;304,65
2026-09-12 06:30:56.000;840;31,68;304,83
2026-09-12 06:30:56.500;860;31,77;304,92
2026-09-12 06:30:57.000;880;31,87;305,02
2026-09-12 06:30:57.500;900;31,96;305,11
2026-09-12 06:30:58.000;920;32,06;305,21
2026-09-12 06:30:58.500;940;32,15;305,3
2026-09-12 06:30:59.000;960;32,25;305,4
2026-09-12 06:30:59.500;980;32,35;305,5
2026-09-12 06:31:00.000;1000;32,44;305,59
2026-09-12 06:31:00.500;1001;32,54;305,69
2026-09-12 06:31:01.000;1002;32,63;305,78
2026-09-12 06:31:01.500;1001;32,73;305,88
2026-09-12 06:31:02.000;1000;32,82;305,97
2026-09-12 06:31:02.500;1000;32,92;306,07
2026-09-12 06:31:03.000;980;33,01;306,16
2026-09-12 06:31:03.500;950;33,11;306,26
2026-09-12 06:31:04.000;860;33,2;306,35
2026-09-12 06:31:04.500;820;33;306,15
2026-09-12 06:31:05.000;780;33;306,15
2026-09-12 06:31:05.500;760;33;306,15
2026-09-12 06:31:06.000;700;33;306,15
2026-09-12 06:31:06.500;680;33;306,15
2026-09-12 06:31:07.000;630;33;306,15
2026-09-12 06:31:07.500;560;33,2;306,35
2026-09-12 06:31:08.000;550;32,8;305,95
2026-09-12 06:31:08.500;520;32,8;305,95
2026-09-12 06:31:09.000;420;32,4;305,55
2026-09-12 06:31:09.500;400;32,4;305,55
2026-09-12 06:31:10.000;350;32,4;305,55
2026-09-12 06:31:10.500;300;32,4;305,55
2026-09-12 06:31:11.000;300;32,4;305,55
2026-09-12 06:31:11.500;300;32;305,15
2026-09-12 06:31:12.000;300;32;305,15
2026-09-12 06:31:12.500;300;32;305,15
2026-09-12 06:31:13.000;350;32;305,15
2026-09-12 06:31:13.500;400;31,5;304,65
2026-09-12 06:31:14.000;450;31,5;304,65
2026-09-12 06:31:14.500;480;31,5;304,65
2026-09-12 06:31:15.000;550;31,6;304,75
2026-09-12 06:31:15.500;580;31,7;304,85
2026-09-12 06:31:16.000;650;31,4;304,55
2026-09-12 06:31:16.500;680;31,4;304,55
2026-09-12 06:31:17.000;750;31,2;304,35
2026-09-12 06:31:17.500;750;31,05;304,2
2026-09-12 06:31:18.000;750;30,9;304,05
2026-09-12 06:31:18.500;750;30,75;303,9
2026-09-12 06:31:19.000;750;30,6;303,75
2026-09-12 06:31:19.500;750;30,45;303,6
2026-09-12 06:31:20.000;750;30,3;303,45
2026-09-12 06:31:20.500;780;30,15;303,3
2026-09-12 06:31:21.000;802;30;303,15
2026-09-12 06:31:21.500;850;29,85;303
2026-09-12 06:31:22.000;850;29,7;302,85
2026-09-12 06:31:22.500;850;29,55;302,7
2026-09-12 06:31:23.000;880;29,4;302,55
2026-09-12 06:31:23.500;880;29,25;302,4
2026-09-12 06:31:24.000;880;29,1;302,25
2026-09-12 06:31:24.500;880;28,95;302,1
2026-09-12 06:31:25.000;880;28,8;301,95
2026-09-12 06:31:25.500;880;28,65;301,8
2026-09-12 06:31:26.000;920;28,5;301,65
2026-09-12 06:31:26.500;920;28,35;301,5
2026-09-12 06:31:27.000;920;28,2;301,35
2026-09-12 06:31:27.500;950;28,05;301,2
2026-09-12 06:31:28.000;950;28;301,15
2026-09-12 06:31:28.500;950;28;301,15
2026-09-12 06:31:29.000;950;28;301,15
2026-09-12 06:31:29.500;950;27;300,15
2026-09-12 06:31:30.000;950;27,5;300,65
2026-09-12 06:31:30.500;950;27,6;300,75
2026-09-12 06:31:31.000;980;27,4;300,55
2026-09-12 06:31:31.500;980;26,8;299,95
2026-09-12 06:31:32.000;980;26,5;299,65
2026-09-12 06:31:32.500;980;26,8;299,95
2026-09-12 06:31:33.000;980;27,5;300,65
2026-09-12 06:31:33.500;980;28;301,15
2026-09-12 06:31:34.000;980;28,14;301,29
2026-09-12 06:31:34.500;980;28,48;301,63
2026-09-12 06:31:35.000;980;28,82;301,97
2026-09-12 06:31:35.500;980;29,16;302,31
2026-09-12 06:31:36.000;980;29,5;302,65
2026-09-12 06:31:36.500;980;29,84;302,99
2026-09-12 06:31:37.000;980;30,18;303,33
2026-09-12 06:31:37.500;980;30,52;303,67
2026-09-12 06:31:38.000;980;30,86;304,01
2026-09-12 06:31:38.500;980;31,2;304,35
2026-09-12 06:31:39.000;980;31,54;304,69
2026-09-12 06:31:39.500;980;31,88;305,03
2026-09-12 06:31:40.000;980;32,22;305,37
2026-09-12 06:31:40.500;980;32,56;305,71
2026-09-12 06:31:41.000;980;32,4;305,55
2026-09-12 06:31:41.500;980;32,4;305,55
2026-09-12 06:31:42.000;980;32,3;305,45
2026-09-12 06:31:42.500;980;32,4;305,55
2026-09-12 06:31:43.000;980;32,5;305,65
2026-09-12 06:31:43.500;980;32,5;305,65
2026-09-12 06:31:44.000;980;32,5;305,65
2026-09-12 06:31:44.500;980;32,6;305,75
2026-09-12 06:31:45.000;980;32,6;305,75
2026-09-12 06:31:45.500;980;32,63;305,78
2026-09-12 06:31:46.000;980;32,66;305,81
2026-09-12 06:31:46.500;980;32,69;305,84
2026-09-12 06:31:47.000;980;32,72;305,87
2026-09-12 06:31:47.500;980;32,75;305,9
2026-09-12 06:31:48.000;980;32,78;305,93
2026-09-12 06:31:48.500;980;32,81;305,96
2026-09-12 06:31:49.000;980;32,84;305,99
2026-09-12 06:31:49.500;980;32,87;306,02
2026-09-12 06:31:50.000;980;32,9;306,05
2026-09-12 06:31:50.500;980;32,93;306,08
2026-09-12 06:31:51.000;980;32,96;306,11
2026-09-12 06:31:51.500;980;32,99;306,14
2026-09-12 06:31:52.000;980;33,02;306,17
2026-09-12 06:31:52.500;980;33,05;306,2
2026-09-12 06:31:53.000;980;33,08;306,23
2026-09-12 06:31:53.500;980;33,11;306,26
2026-09-12 06:31:54.000;980;33,14;306,29
2026-09-12 06:31:54.500;980;33,17;306,32
2026-09-12 06:31:55.000;980;33,2;306,35
2026-09-12 06:31:55.500;980;33,23;306,38
2026-09-12 06:31:56.000;980;33,26;306,41
2026-09-12 06:31:56.500;980;33,29;306,44
2026-09-12 06:31:57.000;980;33,32;306,47
2026-09-12 06:31:57.500;980;33,35;306,5
2026-09-12 06:31:58.000;980;33,38;306,53
2026-09-12 06:31:58.500;980;33,41;306,56
2026-09-12 06:31:59.000;980;33,44;306,59
2026-09-12 06:31:59.500;980;33,47;306,62
2026-09-12 06:32:00.000;980;33,5;306,65
