Nombre / Calibre,Codigo Producto,Tipo de cable,Material del conductor,Resistencia DC max a 20°C,Diámetro Conductor (mm),Diámetro Exterior Nominal (mm),Ampacidad (A),Carga Rotura Min (kgf),Peso Aprox (kg/km),Hilos Aluminio,Hilos Acero,Número Conductores Total,Diámetro Hilos Aluminio (mm),Diámetro Hilos Acero (mm),Área Aluminio (mm²),Área Acero (mm²),Sección Conductor (mm²),Flexibilidad del conductor,Forma del conductor,Tipo de dureza,Embalaje,URL
4 AWG (Swan),200000,Swan,Aluminio / Acero,"1,346 Ohm/km","6,36 mm",- mm,"139,0 A",845 kgf,"85,45 kg/km",6,1,7,"2,118 mm","2,118 mm","21,14 mm²","3,52 mm²","24,66 mm²",Clase B,Cableado Compactado,1350-H19,Carrete,https://www.nexans.co/es/products/Redes-de-Transmisi%C3%B3n-y-Distribuci%C3%B3n-de-Energ%C3%ADa/Cables-de-Aluminio-Desnudo/Cable-ACSR/Cable-ACSR/product~200000~.html
2 AWG (Sparrow),200001,Sparrow,Aluminio / Acero,"0,846 Ohm/km","8,01 mm",- mm,"184,0 A",1290 kgf,136 kg/km,6,1,7,"2,672 mm","2,672 mm","33,64 mm²","5,61 mm²","39,25 mm²",Clase B,Cableado Compactado,1350-H19,Carrete,https://www.nexans.co/es/products/Redes-de-Transmisi%C3%B3n-y-Distribuci%C3%B3n-de-Energ%C3%ADa/Cables-de-Aluminio-Desnudo/Cable-ACSR/Cable-ACSR/product~200001~.html
1/0 AWG (Raven),200002,Raven,Aluminio / Acero,"0,532 Ohm/km","10,11 mm",- mm,"243,0 A",1985 kgf,"216,5 kg/km",6,1,7,"3,371 mm","3,371 mm","53,55 mm²","8,92 mm²","62,47 mm²",Clase B,Cableado Compactado,1350-H19,Carrete,https://www.nexans.co/es/products/Redes-de-Transmisi%C3%B3n-y-Distribuci%C3%B3n-de-Energ%C3%ADa/Cables-de-Aluminio-Desnudo/Cable-ACSR/Cable-ACSR/product~200002~.html
2/0 AWG (Quail),200005,Quail,Aluminio / Acero,"0,422 Ohm/km","11,35 mm",- mm,"278,0 A",2405 kgf,"272,5 kg/km",6,1,7,"3,782 mm","3,782 mm","67,4 mm²","11,23 mm²","78,63 mm²",Clase B,Cableado Compactado,1350-H19,Carrete,https://www.nexans.co/es/products/Redes-de-Transmisi%C3%B3n-y-Distribuci%C3%B3n-de-Energ%C3%ADa/Cables-de-Aluminio-Desnudo/Cable-ACSR/Cable-ACSR/product~200005~.html
4/0 AWG (Penguin),200006,Penguin,Aluminio / Acero,"0,265 Ohm/km","14,31 mm",- mm,"366,0 A",3787 kgf,"433,4 kg/km",6,1,7,"4,77 mm","4,77 mm","107,22 mm²","17,87 mm²","125,09 mm²",Clase B,Cableado Compactado,1350-H19,Carrete,https://www.nexans.co/es/products/Redes-de-Transmisi%C3%B3n-y-Distribuci%C3%B3n-de-Energ%C3%ADa/Cables-de-Aluminio-Desnudo/Cable-ACSR/Cable-ACSR/product~200006~.html
266.8 KCMIL (Partridge),200012,Partridge,Aluminio / Acero,"0,213 Ohm/km","16,29 mm",- mm,"457,0 A",5120 kgf,547 kg/km,26,7,33,"2,573 mm","2,002 mm","135,19 mm²","22,04 mm²","157,23 mm²",Clase B,Cableado Compactado,1350-H19,Carrete,https://www.nexans.co/es/products/Redes-de-Transmisi%C3%B3n-y-Distribuci%C3%B3n-de-Energ%C3%ADa/Cables-de-Aluminio-Desnudo/Cable-ACSR/Cable-ACSR/product~200012~.html
336.4 KCMIL (Linnet),200014,Linnet,Aluminio / Acero,"0,168 Ohm/km","18,3 mm",- mm,"529,0 A",6400 kgf,"688,7 kg/km",26,7,33,"2,888 mm","2,245 mm","170,32 mm²","27,71 mm²","198,03 mm²",Clase B,Cableado Compactado,1350-H19,Carrete,https://www.nexans.co/es/products/Redes-de-Transmisi%C3%B3n-y-Distribuci%C3%B3n-de-Energ%C3%ADa/Cables-de-Aluminio-Desnudo/Cable-ACSR/Cable-ACSR/product~200014~.html
795 KCMIL (Drake),200021,Drake,Aluminio / Acero,"0,071 Ohm/km","28,13 mm",- mm,"907,0 A",14287 kgf,1629 kg/km,26,7,33,"4,442 mm","3,454 mm","402,92 mm²","65,59 mm²","455,11 mm²",Clase B,Cableado Compactado,1350-H19,Carrete,https://www.nexans.co/es/products/Redes-de-Transmisi%C3%B3n-y-Distribuci%C3%B3n-de-Energ%C3%ADa/Cables-de-Aluminio-Desnudo/Cable-ACSR/Cable-ACSR/product~200021~.html
1113 KCMIL (Bluejay),200023,Bluejay,Aluminio / Acero,"0,052 Ohm/km","31,96 mm",- mm,"1090,0 A",13528 kgf,1869 kg/km,45,7,52,"3,995 mm","2,664 mm","564,07 mm²","39,02 mm²","635,57 mm²",Clase B,Cableado Compactado,1350-H19,Carrete,https://www.nexans.co/es/products/Redes-de-Transmisi%C3%B3n-y-Distribuci%C3%B3n-de-Energ%C3%ADa/Cables-de-Aluminio-Desnudo/Cable-ACSR/Cable-ACSR/product~200023~.html
477 KCMIL (Flicker),200025,Flicker,Aluminio / Acero,"0,119 Ohm/km","21,49 mm",- mm,"655,0 A",7784 kgf,"915,1 kg/km",24,7,31,"3,581 mm","2,388 mm","241,72 mm²","31,35 mm²",- mm²,Clase B,Cableado Compactado,1350-H19,Carrete,https://www.nexans.co/es/products/Redes-de-Transmisi%C3%B3n-y-Distribuci%C3%B3n-de-Energ%C3%ADa/Cables-de-Aluminio-Desnudo/Cable-ACSR/Cable-ACSR/product~200025~.html
1033.5 KCMIL (Curlew),200027,Curlew,Aluminio / Acero,"0,055 Ohm/km","31,63 mm",- mm,"1044,0 A",16624 kgf,1981 kg/km,54,7,61,"3,513 mm","3,513 mm","523,41 mm²","67,85 mm²",- mm²,Clase B,Cableado Compactado,1350-H19,Carrete,https://www.nexans.co/es/products/Redes-de-Transmisi%C3%B3n-y-Distribuci%C3%B3n-de-Energ%C3%ADa/Cables-de-Aluminio-Desnudo/Cable-ACSR/Cable-ACSR/product~200027~.html
1113 KCMIL (Finch),200028,Finch,Aluminio / Acero,"0,052 Ohm/km","32,82 mm",- mm,"1093,0 A",17718 kgf,2131 kg/km,54,19,73,"3,647 mm","2,189 mm","564,1 mm²","71,5 mm²","635,57 mm²",Clase B,Cableado Compactado,1350-H19,Carrete,https://www.nexans.co/es/products/Redes-de-Transmisi%C3%B3n-y-Distribuci%C3%B3n-de-Energ%C3%ADa/Cables-de-Aluminio-Desnudo/Cable-ACSR/Cable-ACSR/product~200028~.html
477 KCMIL (Hawk),200029,Hawk,Aluminio / Acero,"0,119 Ohm/km","21,79 mm",- mm,"659,0 A",8863 kgf,"976,9 kg/km",26,7,33,"3,439 mm","2,675 mm","241,51 mm²","39,34 mm²","273,07 mm²",Clase B,Cableado Compactado,1350-H19,Carrete,https://www.nexans.co/es/products/Redes-de-Transmisi%C3%B3n-y-Distribuci%C3%B3n-de-Energ%C3%ADa/Cables-de-Aluminio-Desnudo/Cable-ACSR/Cable-ACSR/product~200029~.html
1192.5 KCMIL (Bunting),203011,Bunting,Aluminio / Acero,"0,048 Ohm/km","33,08 mm",- mm,"1137,0 A",14495 kgf,2002 kg/km,45,7,52,"4,135 mm","2,756 mm","604,3 mm²","41,76 mm²",- mm²,Clase B,Cableado Compactado,1350-H19,Carrete,https://www.nexans.co/es/products/Redes-de-Transmisi%C3%B3n-y-Distribuci%C3%B3n-de-Energ%C3%ADa/Cables-de-Aluminio-Desnudo/Cable-ACSR/Cable-ACSR/product~203011~.html
3/0 AWG (Pigeon),203265,Pigeon,Aluminio / Acero,"0,335 Ohm/km","12,74 mm",- mm,"319,0 A",3003 kgf,"343,6 kg/km",6,1,7,"4,247 mm","4,247 mm",85 mm²,"14,17 mm²",- mm²,Clase B,Cableado Compactado,1350-H19,Carrete,https://www.nexans.co/es/products/Redes-de-Transmisi%C3%B3n-y-Distribuci%C3%B3n-de-Energ%C3%ADa/Cables-de-Aluminio-Desnudo/Cable-ACSR/Cable-ACSR/product~203265~.html
556.5 KCMIL (Parakeet),204201,Parakeet,Aluminio / Acero,"0,102 Ohm/km","23,21 mm",- mm,"721,0 A",8989 kgf,1067 kg/km,24,7,31,"3,868 mm","2,578 mm","282,02 mm²","36,54 mm²",- mm²,Clase B,Cableado Compactado,1350-H19,Carrete,https://www.nexans.co/es/products/Redes-de-Transmisi%C3%B3n-y-Distribuci%C3%B3n-de-Energ%C3%ADa/Cables-de-Aluminio-Desnudo/Cable-ACSR/Cable-ACSR/product~204201~.html
1590 KCMIL (Falcon),206364,Falcon,Aluminio / Acero,"0,036 Ohm/km","39,23 mm",- mm,"1357,0 A",24720 kgf,3045 kg/km,54,19,73,"4,359 mm","2,616 mm","805,86 mm²","102,12 mm²",- mm²,Clase B,Cableado Compactado,1350-H19,Carrete,https://www.nexans.co/es/products/Redes-de-Transmisi%C3%B3n-y-Distribuci%C3%B3n-de-Energ%C3%ADa/Cables-de-Aluminio-Desnudo/Cable-ACSR/Cable-ACSR/product~206364~.html
715.5 KCMIL (Starling),206374,Starling,Aluminio / Acero,"0,079 Ohm/km","26,68 mm",- mm,"849,0 A",12858 kgf,1467 kg/km,26,7,33,"4,214 mm","3,277 mm","362,62 mm²","59,04 mm²",- mm²,Clase B,Cableado Compactado,1350-H19,Carrete,https://www.nexans.co/es/products/Redes-de-Transmisi%C3%B3n-y-Distribuci%C3%B3n-de-Energ%C3%ADa/Cables-de-Aluminio-Desnudo/Cable-ACSR/Cable-ACSR/product~206374~.html
556.5 KCMIL (Dove),207358,Dove,Aluminio / Acero,"0,102 Ohm/km","23,53 mm",- mm,"726,0 A",10248 kgf,1141 kg/km,26,7,33,"3,716 mm","2,891 mm","281,98 mm²","45,95 mm²","318,56 mm²",Clase B,Cableado Compactado,1350-H19,Carrete,https://www.nexans.co/es/products/Redes-de-Transmisi%C3%B3n-y-Distribuci%C3%B3n-de-Energ%C3%ADa/Cables-de-Aluminio-Desnudo/Cable-ACSR/Cable-ACSR/product~207358~.html
397.5 KCMIL (Ibis),208999,Ibis,Aluminio / Acero,"0,143 Ohm/km","19,89 mm",- mm,"587,0 A",7386 kgf,"813,8 kg/km",26,7,33,"3,139 mm","2,441 mm","201,21 mm²","32,76 mm²",- mm²,Clase B,Cableado Compactado,1350-H19,Carrete,https://www.nexans.co/es/products/Redes-de-Transmisi%C3%B3n-y-Distribuci%C3%B3n-de-Energ%C3%ADa/Cables-de-Aluminio-Desnudo/Cable-ACSR/Cable-ACSR/product~208999~.html
397.5 KCMIL (Brant),ID540228750,Brant,Aluminio / Acero,"0,143 Ohm/km","19,61 mm",- mm,"584,0 A",6641 kgf,"761,7 kg/km",24,7,31,"3,267 mm","2,179 mm","201,19 mm²","26,1 mm²",- mm²,Clase B,Cableado Compactado,1350-H19,Carrete,https://www.nexans.co/es/products/Redes-de-Transmisi%C3%B3n-y-Distribuci%C3%B3n-de-Energ%C3%ADa/Cables-de-Aluminio-Desnudo/Cable-ACSR/Cable-ACSR/product~ID540228750~.html
605 KCMIL (Squab),ID540228758,Squab,Aluminio / Acero,"0,094 Ohm/km","24,54 mm",- mm,"765,0 A",11041 kgf,1239 kg/km,26,7,33,"3,874 mm","3,012 mm","306,47 mm²","49,88 mm²",- mm²,Clase B,Cableado Compactado,1350-H19,Carrete,https://www.nexans.co/es/products/Redes-de-Transmisi%C3%B3n-y-Distribuci%C3%B3n-de-Energ%C3%ADa/Cables-de-Aluminio-Desnudo/Cable-ACSR/Cable-ACSR/product~ID540228758~.html
636 KCMIL (Rook),ID540228759,Rook,Aluminio / Acero,"0,09 Ohm/km","24,81 mm",- mm,"784,0 A",10273 kgf,1220 kg/km,24,7,31,"4,135 mm","2,756 mm","322,29 mm²","41,76 mm²",- mm²,Clase B,Cableado Compactado,1350-H19,Carrete,https://www.nexans.co/es/products/Redes-de-Transmisi%C3%B3n-y-Distribuci%C3%B3n-de-Energ%C3%ADa/Cables-de-Aluminio-Desnudo/Cable-ACSR/Cable-ACSR/product~ID540228759~.html
636 KCMIL (Grosbeak),ID540228760,Grosbeak,Aluminio / Acero,"0,089 Ohm/km","25,16 mm",- mm,"789,0 A",11429 kgf,1303 kg/km,26,7,33,"3,973 mm","3,089 mm","322,33 mm²","52,46 mm²",- mm²,Clase B,Cableado Compactado,1350-H19,Carrete,https://www.nexans.co/es/products/Redes-de-Transmisi%C3%B3n-y-Distribuci%C3%B3n-de-Energ%C3%ADa/Cables-de-Aluminio-Desnudo/Cable-ACSR/Cable-ACSR/product~ID540228760~.html
666.6 KCMIL (Flamingo),ID540228761,Flamingo,Aluminio / Acero,"0,086 Ohm/km","25,4 mm",- mm,"807,0 A",10768 kgf,1279 kg/km,24,7,31,"4,234 mm","2,822 mm","337,91 mm²","43,78 mm²",- mm²,Clase B,Cableado Compactado,1350-H19,Carrete,https://www.nexans.co/es/products/Redes-de-Transmisi%C3%B3n-y-Distribuci%C3%B3n-de-Energ%C3%ADa/Cables-de-Aluminio-Desnudo/Cable-ACSR/Cable-ACSR/product~ID540228761~.html
666.6 KCMIL (Gannet),ID540228762,Gannet,Aluminio / Acero,"0,085 Ohm/km","25,75 mm",- mm,"812,0 A",11979 kgf,1366 kg/km,26,7,33,"4,067 mm","3,162 mm","337,76 mm²","54,97 mm²",- mm²,Clase B,Cableado Compactado,1350-H19,Carrete,https://www.nexans.co/es/products/Redes-de-Transmisi%C3%B3n-y-Distribuci%C3%B3n-de-Energ%C3%ADa/Cables-de-Aluminio-Desnudo/Cable-ACSR/Cable-ACSR/product~ID540228762~.html
715.5 KCMIL (Stilt),ID540228763,Stilt,Aluminio / Acero,"0,08 Ohm/km","26,31 mm",- mm,"844,0 A",11558 kgf,1373 kg/km,24,7,31,"4,387 mm","2,924 mm","362,77 mm²","47,0 mm²",- mm²,Clase B,Cableado Compactado,1350-H19,Carrete,https://www.nexans.co/es/products/Redes-de-Transmisi%C3%B3n-y-Distribuci%C3%B3n-de-Energ%C3%ADa/Cables-de-Aluminio-Desnudo/Cable-ACSR/Cable-ACSR/product~ID540228763~.html
795 KCMIL (Cuckoo),ID540228765,Cuckoo,Aluminio / Acero,"0,072 Ohm/km","27,74 mm",- mm,"901,0 A",12666 kgf,1525 kg/km,24,7,31,"4,623 mm","3,081 mm","402,86 mm²","52,19 mm²",- mm²,Clase B,Cableado Compactado,1350-H19,Carrete,https://www.nexans.co/es/products/Redes-de-Transmisi%C3%B3n-y-Distribuci%C3%B3n-de-Energ%C3%ADa/Cables-de-Aluminio-Desnudo/Cable-ACSR/Cable-ACSR/product~ID540228765~.html
900 KCMIL (Ruddy),ID540228767,Ruddy,Aluminio / Acero,"0,064 Ohm/km","28,74 mm",- mm,"958,0 A",11085 kgf,1511 kg/km,45,7,52,"3,592 mm","2,395 mm","456,01 mm²","31,54 mm²",- mm²,Clase B,Cableado Compactado,1350-H19,Carrete,https://www.nexans.co/es/products/Redes-de-Transmisi%C3%B3n-y-Distribuci%C3%B3n-de-Energ%C3%ADa/Cables-de-Aluminio-Desnudo/Cable-ACSR/Cable-ACSR/product~ID540228767~.html
900 KCMIL (Canary),ID540228768,Canary,Aluminio / Acero,"0,063 Ohm/km","29,51 mm",- mm,"959,0 A",14476 kgf,1726 kg/km,54,7,61,"3,279 mm","3,279 mm",456 mm²,"59,11 mm²",- mm²,Clase B,Cableado Compactado,1350-H19,Carrete,https://www.nexans.co/es/products/Redes-de-Transmisi%C3%B3n-y-Distribuci%C3%B3n-de-Energ%C3%ADa/Cables-de-Aluminio-Desnudo/Cable-ACSR/Cable-ACSR/product~ID540228768~.html
954 KCMIL (Rail),ID540228769,Rail,Aluminio / Acero,"0,06 Ohm/km","29,59 mm",- mm,"993,0 A",11750 kgf,1601 kg/km,45,7,52,"3,698 mm","2,466 mm","483,32 mm²","33,43 mm²",- mm²,Clase B,Cableado Compactado,1350-H19,Carrete,https://www.nexans.co/es/products/Redes-de-Transmisi%C3%B3n-y-Distribuci%C3%B3n-de-Energ%C3%ADa/Cables-de-Aluminio-Desnudo/Cable-ACSR/Cable-ACSR/product~ID540228769~.html
954 KCMIL (Cardinal),ID540228770,Cardinal,Aluminio / Acero,"0,06 Ohm/km","30,38 mm",- mm,"994,0 A",15345 kgf,1830 kg/km,54,7,61,"3,376 mm","3,376 mm","483,38 mm²","62,66 mm²",- mm²,Clase B,Cableado Compactado,1350-H19,Carrete,https://www.nexans.co/es/products/Redes-de-Transmisi%C3%B3n-y-Distribuci%C3%B3n-de-Energ%C3%ADa/Cables-de-Aluminio-Desnudo/Cable-ACSR/Cable-ACSR/product~ID540228770~.html
1033.5 KCMIL (Ortolan),ID540228771,Ortolan,Aluminio / Acero,"0,056 Ohm/km","30,79 mm",- mm,"1042,0 A",12562 kgf,1734 kg/km,45,7,52,"3,848 mm","2,565 mm","523,33 mm²","36,17 mm²",- mm²,Clase B,Cableado Compactado,1350-H19,Carrete,https://www.nexans.co/es/products/Redes-de-Transmisi%C3%B3n-y-Distribuci%C3%B3n-de-Energ%C3%ADa/Cables-de-Aluminio-Desnudo/Cable-ACSR/Cable-ACSR/product~ID540228771~.html
1192.5 KCMIL (Grackle),ID540228776,Grackle,Aluminio / Acero,"0,048 Ohm/km","33,97 mm",- mm,"1140,0 A",18984 kgf,2283 kg/km,54,19,73,"3,774 mm","2,266 mm","604,07 mm²","76,62 mm²",- mm²,Clase B,Cableado Compactado,1350-H19,Carrete,https://www.nexans.co/es/products/Redes-de-Transmisi%C3%B3n-y-Distribuci%C3%B3n-de-Energ%C3%ADa/Cables-de-Aluminio-Desnudo/Cable-ACSR/Cable-ACSR/product~ID540228776~.html
1272 KCMIL (Bittern),ID540228777,Bittern,Aluminio / Acero,"0,045 Ohm/km","34,16 mm",- mm,"1183,0 A",15461 kgf,2135 kg/km,45,7,52,"4,27 mm","2,847 mm","644,4 mm²","44,56 mm²",- mm²,Clase B,Cableado Compactado,1350-H19,Carrete,https://www.nexans.co/es/products/Redes-de-Transmisi%C3%B3n-y-Distribuci%C3%B3n-de-Energ%C3%ADa/Cables-de-Aluminio-Desnudo/Cable-ACSR/Cable-ACSR/product~ID540228777~.html
1272 KCMIL (Pheasant),ID540228778,Pheasant,Aluminio / Acero,"0,045 Ohm/km","35,09 mm",- mm,"1185,0 A",19776 kgf,2435 kg/km,54,19,73,"3,899 mm","2,339 mm","644,75 mm²","81,64 mm²",- mm²,Clase B,Cableado Compactado,1350-H19,Carrete,https://www.nexans.co/es/products/Redes-de-Transmisi%C3%B3n-y-Distribuci%C3%B3n-de-Energ%C3%ADa/Cables-de-Aluminio-Desnudo/Cable-ACSR/Cable-ACSR/product~ID540228778~.html
1351.5 KCMIL (Dipper),ID540228779,Dipper,Aluminio / Acero,"0,043 Ohm/km","35,21 mm",- mm,"1227,0 A",16427 kgf,2269 kg/km,45,7,52,"4,402 mm","2,934 mm","684,86 mm²","47,33 mm²",- mm²,Clase B,Cableado Compactado,1350-H19,Carrete,https://www.nexans.co/es/products/Redes-de-Transmisi%C3%B3n-y-Distribuci%C3%B3n-de-Energ%C3%ADa/Cables-de-Aluminio-Desnudo/Cable-ACSR/Cable-ACSR/product~ID540228779~.html
1351.5 KCMIL (Martin),ID540228780,Martin,Aluminio / Acero,"0,042 Ohm/km","36,17 mm",- mm,"1230,0 A",21012 kgf,2586 kg/km,54,19,73,"4,018 mm","2,41 mm","684,71 mm²","86,67 mm²",- mm²,Clase B,Cableado Compactado,1350-H19,Carrete,https://www.nexans.co/es/products/Redes-de-Transmisi%C3%B3n-y-Distribuci%C3%B3n-de-Energ%C3%ADa/Cables-de-Aluminio-Desnudo/Cable-ACSR/Cable-ACSR/product~ID540228780~.html
1431 KCMIL (Bobolink),ID540228781,Bobolink,Aluminio / Acero,"0,04 Ohm/km","36,24 mm",- mm,"1270,0 A",17393 kgf,2402 kg/km,45,7,52,"4,529 mm","3,02 mm","724,95 mm²","50,14 mm²",- mm²,Clase B,Cableado Compactado,1350-H19,Carrete,https://www.nexans.co/es/products/Redes-de-Transmisi%C3%B3n-y-Distribuci%C3%B3n-de-Energ%C3%ADa/Cables-de-Aluminio-Desnudo/Cable-ACSR/Cable-ACSR/product~ID540228781~.html
1431 KCMIL (Plover),ID540228782,Plover,Aluminio / Acero,"0,04 Ohm/km","37,22 mm",- mm,"1274,0 A",22248 kgf,2740 kg/km,54,19,73,"4,135 mm","2,482 mm","725,16 mm²","91,93 mm²",- mm²,Clase B,Cableado Compactado,1350-H19,Carrete,https://www.nexans.co/es/products/Redes-de-Transmisi%C3%B3n-y-Distribuci%C3%B3n-de-Energ%C3%ADa/Cables-de-Aluminio-Desnudo/Cable-ACSR/Cable-ACSR/product~ID540228782~.html
1510.5 KCMIL (Nuthatch),ID540228783,Nuthatch,Aluminio / Acero,"0,038 Ohm/km","37,23 mm",- mm,"1312,0 A",18181 kgf,2535 kg/km,45,7,52,"4,653 mm","3,101 mm","765,19 mm²","52,87 mm²",- mm²,Clase B,Cableado Compactado,1350-H19,Carrete,https://www.nexans.co/es/products/Redes-de-Transmisi%C3%B3n-y-Distribuci%C3%B3n-de-Energ%C3%ADa/Cables-de-Aluminio-Desnudo/Cable-ACSR/Cable-ACSR/product~ID540228783~.html
1510.5 KCMIL (Parrot),ID540228784,Parrot,Aluminio / Acero,"0,038 Ohm/km","38,24 mm",- mm,"1316,0 A",23484 kgf,2890 kg/km,54,19,73,"4,247 mm","2,548 mm","764,98 mm²","96,88 mm²",- mm²,Clase B,Cableado Compactado,1350-H19,Carrete,https://www.nexans.co/es/products/Redes-de-Transmisi%C3%B3n-y-Distribuci%C3%B3n-de-Energ%C3%ADa/Cables-de-Aluminio-Desnudo/Cable-ACSR/Cable-ACSR/product~ID540228784~.html
1590 KCMIL (Lapwing),ID540228785,Lapwing,Aluminio / Acero,"0,036 Ohm/km","38,2 mm",- mm,"1353,0 A",19138 kgf,2669 kg/km,45,7,52,"4,775 mm","3,183 mm","805,84 mm²","55,7 mm²",- mm²,Clase B,Cableado Compactado,1350-H19,Carrete,https://www.nexans.co/es/products/Redes-de-Transmisi%C3%B3n-y-Distribuci%C3%B3n-de-Energ%C3%ADa/Cables-de-Aluminio-Desnudo/Cable-ACSR/Cable-ACSR/product~ID540228785~.html
